<!--
SPECIALISTS & ITEMS
-->

<ModOps>
    <!-- START - Specialist & Items -->
    <ModOp Type="AddNextSibling" GUID='192458'>
        <!-- START - Joseph-Étienne Gontmolfier -->
        <Asset>
            <Template>VehicleItem</Template>
            <Values>
                <Standard>
                    <GUID>1742000275</GUID>
                    <Name>Joseph-Étienne Gontmolfier</Name>
                    <IconFilename>data/graphics/icons/icon_joseph_etienne_gontmolfier.png</IconFilename>
                    <InfoDescription>1742000276</InfoDescription>
                </Standard>
                <Item>
                    <Allocation>AirShip</Allocation>
                    <MaxStackSize>1</MaxStackSize>
                    <Rarity>Legendary</Rarity>
                    <ItemType>Specialist</ItemType>
                    <TradePrice>1025000</TradePrice>
                </Item>
                <VehicleUpgrade>
                    <MaintainanceUpgrade>
                        <Value>25</Value>
                        <Percental>1</Percental>
                    </MaintainanceUpgrade>
                    <ForwardSpeedUpgrade>
                        <Value>25</Value>
                        <Percental>1</Percental>
                    </ForwardSpeedUpgrade>
                    <IgnoreWeightFactorUpgrade>
                        <Value>50</Value>
                        <Percental>1</Percental>
                    </IgnoreWeightFactorUpgrade>
                </VehicleUpgrade>
                <ExpeditionAttribute>
                    <BaseMorale>0</BaseMorale>
                    <ExpeditionAttributes>
                        <Item>
                            <Attribute>PerkMale</Attribute>
                            <Amount>1</Amount>
                        </Item>
                        <Item>
                            <Attribute>Navigation</Attribute>
                            <Amount>30</Amount>
                        </Item>
                        <Item>
                            <Attribute>Diplomacy</Attribute>
                            <Amount>30</Amount>
                        </Item>
                    </ExpeditionAttributes>
                    <ItemDifficulties>Hard</ItemDifficulties>
                    <FluffText>1742000277</FluffText>
                </ExpeditionAttribute>
                <TradeShipUpgrade>
                    <LoadingSpeedUpgrade>
                        <Value>50</Value>
                        <Percental>1</Percental>
                    </LoadingSpeedUpgrade>
                </TradeShipUpgrade>
            </Values>
        </Asset>
        <!-- END - Joseph-Étienne Gontmolfier -->
        <!-- START - Jacques-Michel Gontmolfier -->
        <Asset>
            <Template>VehicleItem</Template>
            <Values>
                <Standard>
                    <GUID>1742000277</GUID>
                    <Name>Jacques-Michel Gontmolfier</Name>
                    <IconFilename>data/graphics/icons/icon_jacques_michel_gontmolfier.png</IconFilename>
                    <InfoDescription>1742000278</InfoDescription>
                </Standard>
                <Item>
                    <Allocation>AirShip</Allocation>
                    <MaxStackSize>1</MaxStackSize>
                    <Rarity>Legendary</Rarity>
                    <ItemType>Specialist</ItemType>
                    <TradePrice>1125000</TradePrice>
                </Item>
                <VehicleUpgrade>
                    <IgnoreDamageFactorUpgrade>
                        <Value>50</Value>
                        <Percental>1</Percental>
                    </IgnoreDamageFactorUpgrade>
                </VehicleUpgrade>
                <ExpeditionAttribute>
                    <BaseMorale>0</BaseMorale>
                    <ExpeditionAttributes>
                        <Item>
                            <Attribute>PerkMale</Attribute>
                            <Amount>1</Amount>
                        </Item>
                        <Item>
                            <Attribute>Navigation</Attribute>
                            <Amount>20</Amount>
                        </Item>
                        <Item>
                            <Attribute>Might</Attribute>
                            <Amount>20</Amount>
                        </Item>
                        <Item>
                            <Attribute>Melee</Attribute>
                            <Amount>20</Amount>
                        </Item>
                    </ExpeditionAttributes>
                    <ItemDifficulties>Hard</ItemDifficulties>
                    <FluffText>1742000279</FluffText>
                </ExpeditionAttribute>
                <AttackableUpgrade>
                    <MaxHitpointsUpgrade>
                        <Value>3000</Value>
                    </MaxHitpointsUpgrade>
                    <SelfHealUpgrade>
                        <Value>100</Value>
                        <Percental>1</Percental>
                    </SelfHealUpgrade>
                </AttackableUpgrade>
            </Values>
        </Asset>
        <!-- END - Jacques-Michel Gontmolfier -->
        <!-- START - Special Gas Mixture -->
        <Asset>
            <Template>VehicleItem</Template>
            <Values>
                <Standard>
                    <GUID>1742000279</GUID>
                    <Name>Special Gas Mixture</Name>
                    <IconFilename>data/graphics/icons/icon_special_gas.png</IconFilename>
                    <InfoDescription>1742000280</InfoDescription>
                </Standard>
                <Item>
                    <Allocation>AirShip</Allocation>
                    <MaxStackSize>1</MaxStackSize>
                    <Rarity>Legendary</Rarity>
                    <TradePrice>732100</TradePrice>
                </Item>
                <Cost/>
                <VehicleUpgrade>
                    <MaintainanceUpgrade>
                        <Value>100</Value>
                        <Percental>1</Percental>
                    </MaintainanceUpgrade>
                    <IgnoreWeightFactorUpgrade>
                        <Value>50</Value>
                        <Percental>1</Percental>
                    </IgnoreWeightFactorUpgrade>
                    <ForwardSpeedUpgrade>
                        <Value>35</Value>
                        <Percental>1</Percental>
                    </ForwardSpeedUpgrade>
                </VehicleUpgrade>
                <ExpeditionAttribute>
                    <BaseMorale>0</BaseMorale>
                    <ExpeditionAttributes>
                        <Item>
                            <Attribute>Navigation</Attribute>
                            <Amount>60</Amount>
                        </Item>
                    </ExpeditionAttributes>
                    <ItemDifficulties>Hard</ItemDifficulties>
                </ExpeditionAttribute>
                <Locked>
                    <DLCDependency>410042</DLCDependency>                    <!--Anno 1800 DLC - The Passage-->
                </Locked>
                <CraftableItem>
                    <CraftingCosts>
                        <Item>
                            <Product>115980</Product>
                            <!--arctic scrap I-->
                            <Amount>45</Amount>
                        </Item>
                        <Item>
                            <Product>1010219</Product>
                            <!--steel-->
                            <Amount>5</Amount>
                        </Item>
                        <Item>
                            <Product>112706</Product>
                            <!--gas-->
                            <Amount>20</Amount>
                        </Item>
                        <Item>
                            <Product>840</Product>
                            <!--helium-->
                            <Amount>20</Amount>
                        </Item>
                    </CraftingCosts>
                </CraftableItem>
            </Values>
        </Asset>
        <!-- END - Special Gas Mixture -->
    </ModOp>
    <!-- END - Specialist & Items -->
</ModOps>