<!--
NEWSPAPER
-->

<ModOps>

    <!-- START - Newspaper - Conquer the skies -->

    <ModOp GUID="141228" Type="addNextSibling">
        <Asset>
            <Template>NewspaperSpecialEditionArticle</Template>
            <Values>
                <Standard>
                    <GUID>1742000281</GUID>
                    <Name>Conquer the skies</Name>
                </Standard>
                <NewspaperSpecialEditionArticle>
                    <SpecialEditionHeadline>1742000282</SpecialEditionHeadline>
                    <SpecialEditionSubline>1742000283</SpecialEditionSubline>
                    <SpecialEditionImage>1742000284</SpecialEditionImage>
                </NewspaperSpecialEditionArticle>
            </Values>
        </Asset>
    </ModOp>

    <!-- START - Conquer the skies - Image -->
    <ModOp GUID="142393" Type="addNextSibling">
        <Asset>
            <Template>NewspaperImage</Template>
            <Values>
                <Standard>
                    <GUID>1742000284</GUID>
                    <Name>Conquer the skies</Name>
                </Standard>
                <NewspaperImage>
                    <Size>
                        <Small>
                            <Image>data/graphics/newspaper/newspaper-balloon-sky.png</Image>
                        </Small>
                        <Medium>
                            <Image>data/graphics/newspaper/newspaper-balloon-sky.png</Image>
                        </Medium>
                        <Big>
                            <Image>data/graphics/newspaper/newspaper-balloon-sky.png</Image>
                        </Big>
                    </Size>
                    <SideNotificationImage>data/graphics/newspaper/newspaper-balloon-sky.png</SideNotificationImage>
                </NewspaperImage>
            </Values>
        </Asset>
    </ModOp>

    <!-- END - Newspaper - Conquer the skies -->

    <!-- START - Newspaper - 99 Hot Air Balloons -->

    <ModOp GUID="141228" Type="addNextSibling">
        <Asset>
            <Template>NewspaperSpecialEditionArticle</Template>
            <Values>
                <Standard>
                    <GUID>1742000285</GUID>
                    <Name>99 Hot Air Balloons</Name>
                </Standard>
                <NewspaperSpecialEditionArticle>
                    <SpecialEditionHeadline>1742000286</SpecialEditionHeadline>
                    <SpecialEditionSubline>1742000287</SpecialEditionSubline>
                    <SpecialEditionImage>1742000288</SpecialEditionImage>
                </NewspaperSpecialEditionArticle>
            </Values>
        </Asset>
    </ModOp>

    <!-- Newspaper - 99 Hot Air Balloons - Image -->
    <ModOp GUID="141228" Type="addNextSibling">
        <Asset>
            <Template>NewspaperImage</Template>
            <Values>
                <Standard>
                    <GUID>1742000288</GUID>
                    <Name>99 Hot Air Balloons</Name>
                </Standard>
                <NewspaperImage>
                    <Size>
                        <Small>
                            <Image>data/graphics/newspaper/newspaper-balloon-nena.png</Image>
                        </Small>
                        <Medium>
                            <Image>data/graphics/newspaper/newspaper-balloon-nena.png</Image>
                        </Medium>
                        <Big>
                            <Image>data/graphics/newspaper/newspaper-balloon-nena.png</Image>
                        </Big>
                    </Size>
                    <SideNotificationImage>data/graphics/newspaper/newspaper-balloon-nena.png</SideNotificationImage>
                </NewspaperImage>
            </Values>
        </Asset>
    </ModOp>

    <!-- END - Newspaper - 99 Hot Air Balloons -->

</ModOps>