<!--
AIRSHIPS & SHIPS
-->

<ModOps>

    <!-- START - Add airships to sailing shipyard -->
    <ModOp Type="AddNextSibling" GUID='1010520' Path="/Values/Shipyard/AssemblyOptions/Item[Vehicle='100438']">
        <Item>
            <Vehicle>1742000269</Vehicle>
        </Item>
    </ModOp>
    <ModOp Type="AddNextSibling" GUID='1010520' Path="/Values/Shipyard/AssemblyOptions/Item[Vehicle='100441']">
        <Item>
            <Vehicle>1742000271</Vehicle>
        </Item>
    </ModOp>
    <ModOp Type="AddNextSibling" GUID='1010520' Path="/Values/Shipyard/AssemblyOptions/Item[Vehicle='100440']">
        <Item>
            <Vehicle>1742000273</Vehicle>
        </Item>
    </ModOp>
    <!-- END - Add airships to sailing shipyard -->

    <ModOp GUID="1737" Type="addnextSibling">
        <!-- START - Uwe hot air balloon -->
        <Asset>
            <Template>AirShip</Template>
            <Values>
                <Standard>
                    <GUID>1742000269</GUID>
                    <Name>Uwe hot air balloon</Name>
                    <IconFilename>data/graphics/icons/icon_hot_air_balloon_02_01.png</IconFilename>
                    <InfoDescription>1742000270</InfoDescription>
                </Standard>
                <Object>
                    <Variations>
                        <Item>
                            <VectorElement>
                                <InheritanceMapV2>
                                    <Entry>
                                        <TemplateName>TradeShip</TemplateName>
                                        <Index>0</Index>
                                    </Entry>
                                </InheritanceMapV2>
                            </VectorElement>
                            <Filename>data/graphics/vehicle/hot_air_balloon/hot_air_balloon_02_01.cfg</Filename>
                        </Item>
                    </Variations>
                </Object>
                <Mesh>
                    <LogoMode>CorporationLogoFromPlayer</LogoMode>
                </Mesh>
                <Selection>
                    <OnSelection>
                        <IsBaseAutoCreateAsset>1</IsBaseAutoCreateAsset>
                        <Values>
                            <ActionList/>
                        </Values>
                    </OnSelection>
                </Selection>
                <Walking>
                    <Acceleration>0.5</Acceleration>
                    <Deceleration>0.5</Deceleration>
                    <TurnSpeed>30</TurnSpeed>
                    <TurnSpeedInPlace>30</TurnSpeedInPlace>
                    <LeaningMaxAngle>0</LeaningMaxAngle>
                    <ForwardSpeed>2.1</ForwardSpeed>
                    <WindMinSlowdownFactor>0.9</WindMinSlowdownFactor>
                    <WindSlowdownEffectOnTurningSpeed>1</WindSlowdownEffectOnTurningSpeed>
                    <WindMaxSpeedupFactor>3.8</WindMaxSpeedupFactor>
                    <CargoFullFactor>0.9</CargoFullFactor>
                    <MinSlowdownFactor>0.9</MinSlowdownFactor>
                    <SessionTransferSpeedFactor>1.5</SessionTransferSpeedFactor>
                </Walking>
                <Text />
                <CommandQueue>
                    <TradeShipPoints>2</TradeShipPoints>
                    <AirShipPoints>80</AirShipPoints>
                </CommandQueue>
                <Drifting>
                    <Length>2</Length>
                    <Width>2</Width>
                </Drifting>
                <Collector/>
                <Attackable>
                    <MaximumHitPoints>500</MaximumHitPoints>
                </Attackable>
                <MinimapToken>
                    <TokenAsset>2001947</TokenAsset>                    <!--Ships-->
                    <StrategicMapAsset>500433</StrategicMapAsset>                    <!--Sailing Ships-->
                </MinimapToken>
                <SoundEmitter>
                    <VehicleSounds>
                        <MovementStart>
                            <Item>
                                <Sound>200990</Sound>
                                <!--wwe_sfx_veh_eots_airship_med_lp-->
                            </Item>
                        </MovementStart>
                    </VehicleSounds>
                </SoundEmitter>
                <UpgradeList />
                <QuestObject/>
                <Infolayer/>
                <ItemContainer>
                    <SocketCount>1</SocketCount>
                    <SlotCount>1</SlotCount>
                </ItemContainer>
                <FeedbackController/>
                <Draggable>
                    <DraggableOnDrag>
                        <IsBaseAutoCreateAsset>1</IsBaseAutoCreateAsset>
                        <Values>
                            <ActionList/>
                        </Values>
                    </DraggableOnDrag>
                    <DraggableOnDrop>
                        <IsBaseAutoCreateAsset>1</IsBaseAutoCreateAsset>
                        <Values>
                            <ActionList/>
                        </Values>
                    </DraggableOnDrop>
                </Draggable>
                <Cost>
                    <Costs>
                        <Item>
                            <Ingredient>1010196</Ingredient>
                            <Amount>4</Amount>
                        </Item>
                        <Item>
                            <Ingredient>1010210</Ingredient>
                            <Amount>10</Amount>
                        </Item>
                        <Item>
                            <Ingredient>1010218</Ingredient>
                            <Amount>6</Amount>
                        </Item>
                        <Item>
                            <Ingredient>1010226</Ingredient>
                            <Amount>8</Amount>
                        </Item>
                    </Costs>
                    <InfluenceCostPoints>2</InfluenceCostPoints>
                </Cost>
                <Craftable>
                    <CraftingTime>180000</CraftingTime>
                </Craftable>
                <TradeRouteVehicle>
                    <LoadingSpeedFactor>0.5</LoadingSpeedFactor>
                </TradeRouteVehicle>
                <Locked>
                    <DLCDependency>24962</DLCDependency>
                    <!--Anno 1800 DLC - Empire of the Skies-->
                </Locked>
                <Nameable/>
                <MetaPersistent/>
                <ExpeditionAttribute />
                <ShipMaintenance>
                    <Maintenance>25</Maintenance>
                    <DisableEscort>0</DisableEscort>
                </ShipMaintenance>
                <Sellable>
                    <Baseprice>
                        <Item>
                            <VectorElement>
                                <InheritedIndex>0</InheritedIndex>
                                <InheritanceMapV2>
                                    <Entry>
                                        <TemplateName>AirShip</TemplateName>
                                        <Index>0</Index>
                                    </Entry>
                                </InheritanceMapV2>
                            </VectorElement>
                            <Amount>2000</Amount>
                        </Item>
                    </Baseprice>
                </Sellable>
                <Stance/>
                <Rentable/>
                <WorldMapSound/>
                <Pausable/>
                <ShipIncident>
                    <InfectableByIncident>
                        <Illness>
                            <Infectable>0</Infectable>
                        </Illness>
                    </InfectableByIncident>
                </ShipIncident>
                <SoundEmitterCommandBarks>
                    <BarkMapping>
                        <Selection>
                            <AudioPool>4815</AudioPool>
                            <!--AgileAirship_SelectShip_Pool-->
                        </Selection>
                        <SelectionDamaged>
                            <AudioPool>4817</AudioPool>
                            <!--AgileAirship_Damage_Pool-->
                        </SelectionDamaged>
                        <MoveCommand>
                            <AudioPool>4816</AudioPool>
                            <!--AgileAirship_Move_Pool-->
                        </MoveCommand>
                        <EscortCommand>
                            <AudioPool>4820</AudioPool>
                            <!--AgileAirship_Escort_Pool-->
                        </EscortCommand>
                        <PatrolCommand>
                            <AudioPool>4816</AudioPool>
                            <!--AgileAirship_Move_Pool-->
                        </PatrolCommand>
                        <DropCommand>
                            <AudioPool>4823</AudioPool>
                            <!--AgileAirship_Drop_Pool-->
                        </DropCommand>
                    </BarkMapping>
                </SoundEmitterCommandBarks>
                <ItemReplacer>
                    <ItemReplacementPools>193855</ItemReplacementPools>
                </ItemReplacer>
                <Bombarder>
                    <Shafts>1</Shafts>
                </Bombarder>
            </Values>
        </Asset>
        <!-- END - Uwe hot air balloon -->
        <!-- START - Carlo hot air balloon -->
        <Asset>
            <Template>AirShip</Template>
            <Values>
                <Standard>
                    <GUID>1742000271</GUID>
                    <Name>Carlo hot air balloon</Name>
                    <IconFilename>data/graphics/icons/icon_hot_air_balloon_03_01.png</IconFilename>
                    <InfoDescription>1742000272</InfoDescription>
                </Standard>
                <Object>
                    <Variations>
                        <Item>
                            <VectorElement>
                                <InheritanceMapV2>
                                    <Entry>
                                        <TemplateName>TradeShip</TemplateName>
                                        <Index>0</Index>
                                    </Entry>
                                </InheritanceMapV2>
                            </VectorElement>
                            <Filename>data/graphics/vehicle/hot_air_balloon/hot_air_balloon_03_01.cfg</Filename>
                        </Item>
                    </Variations>
                </Object>
                <Mesh>
                    <LogoMode>CorporationLogoFromPlayer</LogoMode>
                </Mesh>
                <Selection>
                    <OnSelection>
                        <IsBaseAutoCreateAsset>1</IsBaseAutoCreateAsset>
                        <Values>
                            <ActionList/>
                        </Values>
                    </OnSelection>
                </Selection>
                <Walking>
                    <Acceleration>0.4</Acceleration>
                    <Deceleration>0.4</Deceleration>
                    <TurnSpeed>25</TurnSpeed>
                    <TurnSpeedInPlace>25</TurnSpeedInPlace>
                    <LeaningMaxAngle>0</LeaningMaxAngle>
                    <ForwardSpeed>2</ForwardSpeed>
                    <WindMinSlowdownFactor>0.90</WindMinSlowdownFactor>
                    <WindSlowdownEffectOnTurningSpeed>1</WindSlowdownEffectOnTurningSpeed>
                    <WindMaxSpeedupFactor>3.6</WindMaxSpeedupFactor>
                    <CargoFullFactor>0.9</CargoFullFactor>
                    <MinSlowdownFactor>0.9</MinSlowdownFactor>
                    <SessionTransferSpeedFactor>1.75</SessionTransferSpeedFactor>
                </Walking>
                <Text />
                <CommandQueue>
                    <TradeShipPoints>5</TradeShipPoints>
                    <AirShipPoints>120</AirShipPoints>
                </CommandQueue>
                <Drifting>
                    <Length>3</Length>
                    <Width>3</Width>
                </Drifting>
                <Collector/>
                <Attackable>
                    <MaximumHitPoints>2000</MaximumHitPoints>
                </Attackable>
                <MinimapToken>
                    <TokenAsset>2001947</TokenAsset>                    <!--Ships-->
                    <StrategicMapAsset>500433</StrategicMapAsset>                    <!--Sailing Ships-->
                </MinimapToken>
                <SoundEmitter>
                    <VehicleSounds>
                        <MovementStart>
                            <Item>
                                <Sound>200990</Sound>
                                <!--wwe_sfx_veh_eots_airship_med_lp-->
                            </Item>
                        </MovementStart>
                    </VehicleSounds>
                </SoundEmitter>
                <UpgradeList />
                <QuestObject/>
                <Infolayer/>
                <ItemContainer>
                    <SocketCount>1</SocketCount>
                    <SlotCount>3</SlotCount>
                </ItemContainer>
                <FeedbackController/>
                <Draggable>
                    <DraggableOnDrag>
                        <IsBaseAutoCreateAsset>1</IsBaseAutoCreateAsset>
                        <Values>
                            <ActionList/>
                        </Values>
                    </DraggableOnDrag>
                    <DraggableOnDrop>
                        <IsBaseAutoCreateAsset>1</IsBaseAutoCreateAsset>
                        <Values>
                            <ActionList/>
                        </Values>
                    </DraggableOnDrop>
                </Draggable>
                <Cost>
                    <Costs>
                        <Item>
                            <Ingredient>1010196</Ingredient>
                            <Amount>20</Amount>
                        </Item>
                        <Item>
                            <Ingredient>1010210</Ingredient>
                            <Amount>40</Amount>
                        </Item>
                        <Item>
                            <Ingredient>1010218</Ingredient>
                            <Amount>30</Amount>
                        </Item>
                        <Item>
                            <Ingredient>1010226</Ingredient>
                            <Amount>50</Amount>
                        </Item>
                    </Costs>
                    <InfluenceCostPoints>4</InfluenceCostPoints>
                </Cost>
                <Craftable>
                    <CraftingTime>360000</CraftingTime>
                </Craftable>
                <TradeRouteVehicle>
                    <LoadingSpeedFactor>0.8</LoadingSpeedFactor>
                </TradeRouteVehicle>
                <Locked>
                    <DLCDependency>24962</DLCDependency>
                    <!--Anno 1800 DLC - Empire of the Skies-->
                </Locked>
                <Nameable/>
                <MetaPersistent/>
                <ExpeditionAttribute />
                <ShipMaintenance>
                    <Maintenance>120</Maintenance>
                    <DisableEscort>0</DisableEscort>
                </ShipMaintenance>
                <Sellable>
                    <Baseprice>
                        <Item>
                            <VectorElement>
                                <InheritedIndex>0</InheritedIndex>
                                <InheritanceMapV2>
                                    <Entry>
                                        <TemplateName>AirShip</TemplateName>
                                        <Index>0</Index>
                                    </Entry>
                                </InheritanceMapV2>
                            </VectorElement>
                            <Amount>10000</Amount>
                        </Item>
                    </Baseprice>
                </Sellable>
                <Stance/>
                <Rentable/>
                <WorldMapSound/>
                <Pausable/>
                <ShipIncident>
                    <InfectableByIncident>
                        <Illness>
                            <Infectable>0</Infectable>
                        </Illness>
                    </InfectableByIncident>
                </ShipIncident>
                <SoundEmitterCommandBarks>
                    <BarkMapping>
                        <Selection>
                            <AudioPool>4815</AudioPool>
                            <!--AgileAirship_SelectShip_Pool-->
                        </Selection>
                        <SelectionDamaged>
                            <AudioPool>4817</AudioPool>
                            <!--AgileAirship_Damage_Pool-->
                        </SelectionDamaged>
                        <MoveCommand>
                            <AudioPool>4816</AudioPool>
                            <!--AgileAirship_Move_Pool-->
                        </MoveCommand>
                        <EscortCommand>
                            <AudioPool>4820</AudioPool>
                            <!--AgileAirship_Escort_Pool-->
                        </EscortCommand>
                        <PatrolCommand>
                            <AudioPool>4816</AudioPool>
                            <!--AgileAirship_Move_Pool-->
                        </PatrolCommand>
                        <DropCommand>
                            <AudioPool>4823</AudioPool>
                            <!--AgileAirship_Drop_Pool-->
                        </DropCommand>
                    </BarkMapping>
                </SoundEmitterCommandBarks>
                <ItemReplacer>
                    <ItemReplacementPools>193855</ItemReplacementPools>
                </ItemReplacer>
                <Bombarder>
                    <Shafts>2</Shafts>
                </Bombarder>
            </Values>
        </Asset>
        <!-- END - Carlo hot air balloon -->
        <!-- START - Nena hot air balloon -->
        <Asset>
            <Template>AirShip</Template>
            <Values>
                <Standard>
                    <GUID>1742000273</GUID>
                    <Name>Nena hot air balloon</Name>
                    <IconFilename>data/graphics/icons/icon_hot_air_balloon_01_01.png</IconFilename>
                    <InfoDescription>1742000274</InfoDescription>
                </Standard>
                <Object>
                    <Variations>
                        <Item>
                            <VectorElement>
                                <InheritanceMapV2>
                                    <Entry>
                                        <TemplateName>TradeShip</TemplateName>
                                        <Index>0</Index>
                                    </Entry>
                                </InheritanceMapV2>
                            </VectorElement>
                            <Filename>data/graphics/vehicle/hot_air_balloon/hot_air_balloon_01_01.cfg</Filename>
                        </Item>
                    </Variations>
                </Object>
                <Mesh>
                    <LogoMode>CorporationLogoFromPlayer</LogoMode>
                </Mesh>
                <Selection>
                    <OnSelection>
                        <IsBaseAutoCreateAsset>1</IsBaseAutoCreateAsset>
                        <Values>
                            <ActionList/>
                        </Values>
                    </OnSelection>
                </Selection>
                <Walking>
                    <Acceleration>0.3</Acceleration>
                    <Deceleration>0.4</Deceleration>
                    <TurnSpeed>20</TurnSpeed>
                    <TurnSpeedInPlace>20</TurnSpeedInPlace>
                    <LeaningMaxAngle>0</LeaningMaxAngle>
                    <ForwardSpeed>1.8</ForwardSpeed>
                    <WindMinSlowdownFactor>0.95</WindMinSlowdownFactor>
                    <WindSlowdownEffectOnTurningSpeed>1</WindSlowdownEffectOnTurningSpeed>
                    <WindMaxSpeedupFactor>3.4</WindMaxSpeedupFactor>
                    <CargoFullFactor>0.95</CargoFullFactor>
                    <MinSlowdownFactor>0.95</MinSlowdownFactor>
                    <SessionTransferSpeedFactor>2</SessionTransferSpeedFactor>
                </Walking>
                <Text />
                <CommandQueue>
                    <TradeShipPoints>12</TradeShipPoints>
                    <AirShipPoints>220</AirShipPoints>
                </CommandQueue>
                <Drifting>
                    <Length>5</Length>
                    <Width>5</Width>
                </Drifting>
                <Collector/>
                <Attackable>
                    <MaximumHitPoints>7500</MaximumHitPoints>
                </Attackable>
                <MinimapToken>
                    <TokenAsset>2001947</TokenAsset>                    <!--Ships-->
                    <StrategicMapAsset>500433</StrategicMapAsset>                    <!--Sailing Ships-->
                </MinimapToken>
                <SoundEmitter>
                    <VehicleSounds>
                        <MovementStart>
                            <Item>
                                <Sound>200988</Sound>
                                <!--wwe_sfx_veh_eots_airship_large_lp-->
                            </Item>
                        </MovementStart>
                    </VehicleSounds>
                </SoundEmitter>
                <UpgradeList />
                <QuestObject/>
                <Infolayer/>
                <ItemContainer>
                    <SocketCount>1</SocketCount>
                    <SlotCount>8</SlotCount>
                </ItemContainer>
                <FeedbackController/>
                <Draggable>
                    <DraggableOnDrag>
                        <IsBaseAutoCreateAsset>1</IsBaseAutoCreateAsset>
                        <Values>
                            <ActionList/>
                        </Values>
                    </DraggableOnDrag>
                    <DraggableOnDrop>
                        <IsBaseAutoCreateAsset>1</IsBaseAutoCreateAsset>
                        <Values>
                            <ActionList/>
                        </Values>
                    </DraggableOnDrop>
                </Draggable>
                <Cost>
                    <Costs>
                        <Item>
                            <Ingredient>1010196</Ingredient>
                            <Amount>40</Amount>
                        </Item>
                        <Item>
                            <Ingredient>1010210</Ingredient>
                            <Amount>100</Amount>
                        </Item>
                        <Item>
                            <Ingredient>838</Ingredient>
                            <Amount>75</Amount>
                        </Item>
                        <Item>
                            <Ingredient>1010224</Ingredient>
                            <Amount>25</Amount>
                        </Item>
                        <Item>
                            <Ingredient>840</Ingredient>
                            <Amount>40</Amount>
                        </Item>
                    </Costs>
                    <InfluenceCostPoints>20</InfluenceCostPoints>
                </Cost>
                <Craftable>
                    <CraftingTime>1080000</CraftingTime>
                </Craftable>
                <TradeRouteVehicle>
                    <LoadingSpeedFactor>1.5</LoadingSpeedFactor>
                </TradeRouteVehicle>
                <Locked>
                    <DLCDependency>24962</DLCDependency>
                    <!--Anno 1800 DLC - Empire of the Skies-->
                </Locked>
                <Nameable/>
                <MetaPersistent/>
                <ExpeditionAttribute />
                <ShipMaintenance>
                    <Maintenance>500</Maintenance>
                    <DisableEscort>0</DisableEscort>
                </ShipMaintenance>
                <Sellable>
                    <Baseprice>
                        <Item>
                            <VectorElement>
                                <InheritedIndex>0</InheritedIndex>
                                <InheritanceMapV2>
                                    <Entry>
                                        <TemplateName>AirShip</TemplateName>
                                        <Index>0</Index>
                                    </Entry>
                                </InheritanceMapV2>
                            </VectorElement>
                            <Amount>200000</Amount>
                        </Item>
                    </Baseprice>
                </Sellable>
                <Stance/>
                <Rentable/>
                <WorldMapSound/>
                <Pausable/>
                <ShipIncident>
                    <InfectableByIncident>
                        <Illness>
                            <Infectable>0</Infectable>
                        </Illness>
                    </InfectableByIncident>
                </ShipIncident>
                <SoundEmitterCommandBarks>
                    <BarkMapping>
                        <Selection>
                            <AudioPool>4806</AudioPool>
                            <!--TransportAirship_SelectShip_Pool-->
                        </Selection>
                        <SelectionDamaged>
                            <AudioPool>4808</AudioPool>
                            <!--TransportAirship_Damage_Pool-->
                        </SelectionDamaged>
                        <AttackCommand>
                            <AudioPool>0</AudioPool>
                            <!--[ empty field / noname ]-->
                        </AttackCommand>
                        <MoveCommand>
                            <AudioPool>4807</AudioPool>
                            <!--TransportAirship_Move_Pool-->
                        </MoveCommand>
                        <EscortCommand>
                            <AudioPool>4811</AudioPool>
                            <!--TransportAirship_Escort_Pool-->
                        </EscortCommand>
                        <PatrolCommand>
                            <AudioPool>4807</AudioPool>
                            <!--TransportAirship_Move_Pool-->
                        </PatrolCommand>
                        <DropCommand>
                            <AudioPool>4812</AudioPool>
                            <!--TransportAirship_Drop_Pool-->
                        </DropCommand>
                    </BarkMapping>
                </SoundEmitterCommandBarks>
                <ItemReplacer>
                    <ItemReplacementPools>193855</ItemReplacementPools>
                </ItemReplacer>
                <Bombarder>
                    <Shafts>6</Shafts>
                </Bombarder>
            </Values>
        </Asset>
        <!-- END - Nena hot air balloon -->
    </ModOp>
</ModOps>