<?xml version="1.0"?>
<ModOps>
    <ModOp Type="add" Path="/TextExport/Texts">
        <Text>
            <GUID>1742000269</GUID>            <!-- Uwe Heißluftballon - Luftschiff -->
            <Text>Uwe Heißluftballon</Text>
        </Text>
        <Text>
            <GUID>1742000270</GUID>            <!-- Uwe Heißluftballon - Luftschiff - Beschreibung -->
            <Text>Ein kleiner langsamer Heißluftballon. Perfekt, wenn du eine kleinere Menge an Gütern transportieren möchtest und Zeit keine Rolle spielt.</Text>
        </Text>
        <Text>
            <GUID>1742000271</GUID>            <!-- Carlo Heißluftballon - Luftschiff -->
            <Text>Carlo Heißluftballon</Text>
        </Text>
        <Text>
            <GUID>1742000272</GUID>            <!-- Carlo Heißluftballon - Luftschiff - Beschreibung -->
            <Text>Ein riesiger Heißluftballon. Immer noch so langsam wie die kleine Version, aber er kann eine Menge Güter tragen.</Text>
        </Text>
        <Text>
            <GUID>1742000273</GUID>            <!-- Nena Heißluftballon - Luftschiff -->
            <Text>Nena Heißluftballon</Text>
        </Text>
        <Text>
            <GUID>1742000274</GUID>            <!-- Nena Heißluftballon - Luftschiff - Beschreibung -->
            <Text>Du wirst es erst glauben, wenn du einen davon siehst. Ein massiver Heißluftballon. Langsam, aber er kann eine riesige Menge an Gütern tragen. Er verwendet Helium, also sei vorsichtig, dass er nicht Feuer fängt, sonst wird er den Himmel erleuchten.</Text>
        </Text>
        <Text>
            <GUID>1742000275</GUID>            <!-- Joseph-Étienne Gontmolfier - Fahrzeuggegenstand -->
            <Text>Joseph-Étienne Gontmolfier</Text>
        </Text>
        <Text>
            <GUID>1742000276</GUID>            <!-- Joseph-Étienne Gontmolfier - Fahrzeuggegenstand - Beschreibung -->
            <Text>Zusammen mit seinem Bruder entdeckte er die Möglichkeit, mit dem Heißluftballon durch den Himmel zu reisen. Konzentriert sich nun darauf, Luftschiffe effizienter für den Handel zu machen.</Text>
        </Text>
        <Text>
            <GUID>1742000277</GUID>            <!-- Jacques-Michel Gontmolfier - Fahrzeuggegenstand -->
            <Text>Jacques-Michel Gontmolfier</Text>
        </Text>
        <Text>
            <GUID>1742000278</GUID>            <!-- Jacques-Michel Gontmolfier - Fahrzeuggegenstand - Beschreibung -->
            <Text>Zusammen mit seinem Bruder entdeckte er die Möglichkeit, mit dem Heißluftballon durch den Himmel zu reisen. Konzentriert sich nun darauf, Luftschiffe effizienter für den Krieg zu machen.</Text>
        </Text>
        <Text>
            <GUID>1742000279</GUID>            <!-- Spezielle Gasgemisch - Fahrzeuggegenstand -->
            <Text>Spezielle Gasgemisch</Text>
        </Text>
        <Text>
            <GUID>1742000280</GUID>            <!-- Spezielle Gasgemisch - Fahrzeuggegenstand - Beschreibung -->
            <Text>Spezielle Mischung aus arktischem Gas und Helium, zur Verbesserung von Luftschiffen.</Text>
        </Text>
        <Text>
            <GUID>1742000281</GUID>            <!-- Die Lüfte erobern - Sonderausgabe einer Zeitungsartikel -->
            <Text>Die Lüfte erobern</Text>
        </Text>
        <Text>
            <GUID>1742000282</GUID>            <!-- Die Lüfte erobern - Sonderausgabe einer Zeitungsartikel - Schlagzeile der Sonderausgabe -->
            <Text>Die Lüfte erobern und fliegen!</Text>
        </Text>
        <Text>
            <GUID>1742000283</GUID>            <!-- Die Lüfte erobern - Sonderausgabe einer Zeitungsartikel - Unterzeile der Sonderausgabe -->
            <Text>Hast du jemals nach oben geschaut? Wir sollten in der Luft reisen und nicht nur auf dem Wasser. Lasst uns Luftschiffe bauen und mit Heißluftballons beginnen!</Text>
        </Text>
        <Text>
            <GUID>1742000285</GUID>            <!-- 99 Heißluftballons - Sonderausgabe einer Zeitungsartikel -->
            <Text>Fast 100 Heißluftballons</Text>
        </Text>
        <Text>
            <GUID>1742000286</GUID>            <!-- 99 Heißluftballons - Sonderausgabe einer Zeitungsartikel - Schlagzeile der Sonderausgabe -->
            <Text>Fast 100 Heißluftballons!</Text>
        </Text>
        <Text>
            <GUID>1742000287</GUID>            <!-- 99 Heißluftballons - Sonderausgabe einer Zeitungsartikel - Unterzeile der Sonderausgabe -->
            <Text>Ihr habt fast 100 Luftschiffe gebaut. Ich habe 99 gezählt! Jetzt ist es an der Zeit, den ultimativen Heißluftballon zu bauen.</Text>
        </Text>
        <Text>
            <GUID>1742000289</GUID>            <!-- Luftschiffe und Ballons - Spielerzählerkontextpool -->
            <Text>Luftschiffe und Ballons</Text>
        </Text>
    </ModOp>
</ModOps>