<?xml version="1.0"?>
<ModOps>
    <ModOp Type="add" Path="/TextExport/Texts">
        <Text>
            <GUID>1742000269</GUID>            <!-- Uwe hot air balloon - Airship -->
            <Text>乌韦热气球</Text>
        </Text>
        <Text>
            <GUID>1742000270</GUID>            <!-- Uwe hot air balloon - Airship - Description -->
            <Text>一种小型且缓慢的热气球。如果想要运输少量货物并且对时间没有要求，那这是完美的选择。</Text>
        </Text>
        <Text>
            <GUID>1742000271</GUID>            <!-- Carlo hot air balloon - Airship -->
            <Text>卡洛热气球</Text>
        </Text>
        <Text>
            <GUID>1742000272</GUID>            <!-- Carlo hot air balloon - Airship - Description -->
            <Text>一种大型热气球。和小型热气球一样慢，但是能运输大量货物。</Text>
        </Text>
        <Text>
            <GUID>1742000273</GUID>            <!-- Nena hot air balloon - Airship -->
            <Text>妮娜热气球</Text>
        </Text>
        <Text>
            <GUID>1742000274</GUID>            <!-- Nena hot air balloon - Airship - Description -->
            <Text>你只有亲自看见才会相信。一种巨大的热气球。缓慢但可以运输巨量货物。需要氦气驱动，所以小心不要让它着火不然会燃爆天空。</Text>
        </Text>
        <Text>
            <GUID>1742000275</GUID>            <!-- Joseph-Étienne Gontmolfier - VehicleItem -->
            <Text>约瑟夫-艾蒂安·格孟菲</Text>
        </Text>
        <Text>
            <GUID>1742000276</GUID>            <!-- Joseph-Étienne Gontmolfier - VehicleItem - Description -->
            <Text>和他兄弟一起发现了乘坐热气球在空中翱翔的方法。现在专注于让飞船更加高效的进行贸易。</Text>
        </Text>
        <Text>
            <GUID>1742000277</GUID>            <!-- Jacques-Michel Gontmolfier - VehicleItem -->
            <Text>雅克-米歇尔·格孟菲</Text>
        </Text>
        <Text>
            <GUID>1742000278</GUID>            <!-- Jacques-Michel Gontmolfier - VehicleItem - Description -->
            <Text>和他兄弟一起发现了乘坐热气球在空中翱翔的方法。现在专注于让飞船在战争中更加高效。</Text>
        </Text>
        <Text>
            <GUID>1742000279</GUID>            <!-- Special Gas Mixture - VehicleItem -->
            <Text>特殊气体混合物</Text>
        </Text>
        <Text>
            <GUID>1742000280</GUID>            <!-- Special Gas Mixture - VehicleItem - Description -->
            <Text>北极天然气和氦气的特殊混合物，为飞船提供动力。</Text>
        </Text>
        <Text>
            <GUID>1742000281</GUID>            <!--Conquer the skies - NewspaperSpecialEditionArticle -->
            <Text>征服天际</Text>
        </Text>
        <Text>
            <GUID>1742000282</GUID>            <!-- Conquer the skies - NewspaperSpecialEditionArticle - SpecialEditionHeadline -->
            <Text>征服天际，自由翱翔！</Text>
        </Text>
        <Text>
            <GUID>1742000283</GUID>            <!-- Conquer the skies - NewspaperSpecialEditionArticle - SpecialEditionSubline -->
            <Text>你有没有抬头向天上看过？我们不仅仅要在海面航行，也要在天际间翱翔。让我们从热气球开始建造各种飞船吧！</Text>
        </Text>
        <Text>
            <GUID>1742000285</GUID>            <!-- 99 Hot Air Balloons - NewspaperSpecialEditionArticle -->
            <Text>几乎100个热气球</Text>
        </Text>
        <Text>
            <GUID>1742000286</GUID>            <!-- 99 Hot Air Balloons - NewspaperSpecialEditionArticle - SpecialEditionHeadline -->
            <Text>几乎100个热气球！</Text>
        </Text>
        <Text>
            <GUID>1742000287</GUID>            <!-- 99 Hot Air Balloons - NewspaperSpecialEditionArticle - SpecialEditionSubline -->
            <Text>你一直在忙着建造几乎100个热气球。我数了数有99个！现在是时候建造终极热气球了！</Text>
        </Text>
        <Text>
            <GUID>1742000289</GUID>            <!-- Airships and balloons - PlayerCounterContextPool -->
            <Text>飞船和热气球</Text>
        </Text>
    </ModOp>
</ModOps>