<?xml version="1.0"?>
<ModOps>
    <ModOp Type="add" Path="/TextExport/Texts">
        <Text>
            <GUID>1742000269</GUID>            <!-- Uwe hot air balloon - Airship -->
            <Text>Globo aerostático Uwe</Text>
        </Text>
        <Text>
            <GUID>1742000270</GUID>            <!-- Uwe hot air balloon - Airship - Description -->
            <Text>A pequeño globo aerostático lento. Perfecto si quieres mover alguna cantidad menor de mercancía y el tiempo no importa.</Text>
        </Text>
        <Text>
            <GUID>1742000271</GUID>            <!-- Carlo hot air balloon - Airship -->
            <Text>Globo aerostático Carlo</Text>
        </Text>
        <Text>
            <GUID>1742000272</GUID>            <!-- Carlo hot air balloon - Airship - Description -->
            <Text>Un globo aerostático de enorme tamaño. Sigue siendo tan lento como la versión pequeña, pero puede transportar una gran cantidad de mercancías.</Text>
        </Text>
        <Text>
            <GUID>1742000273</GUID>            <!-- Nena hot air balloon - Airship -->
            <Text>Globo aerostático Nena</Text>
        </Text>
        <Text>
            <GUID>1742000274</GUID>            <!-- Nena hot air balloon - Airship - Description -->
            <Text>Sólo creerás cuando veas uno de esos. Un enorme globo aerostático. Es lento pero puede transportar una gran cantidad de mercancías. Utiliza helio, así que ten cuidado de que no se incendie o iluminará el cielo.</Text>
        </Text>
        <Text>
            <GUID>1742000275</GUID>            <!-- Joseph-Étienne Gontmolfier - VehicleItem -->
            <Text>Joseph-Étienne Gontmolfier</Text>
        </Text>
        <Text>
            <GUID>1742000276</GUID>            <!-- Joseph-Étienne Gontmolfier - VehicleItem - Description -->
            <Text>Junto con su hermano descubrió la forma de viajar en globo aerostático por el cielo. Ahora nos centramos en hacer que los dirigibles sean más eficientes para el comercio.</Text>
        </Text>
        <Text>
            <GUID>1742000277</GUID>            <!-- Jacques-Michel Gontmolfier - VehicleItem -->
            <Text>Jacques-Michel Gontmolfier</Text>
        </Text>
        <Text>
            <GUID>1742000278</GUID>            <!-- Jacques-Michel Gontmolfier - VehicleItem - Description -->
            <Text>Junto con su hermano descubrió la forma de viajar en globo aerostático por el cielo. Ahora se centra en hacer que las aeronaves sean más eficientes para la guerra.</Text>
        </Text>
        <Text>
            <GUID>1742000279</GUID>            <!-- Special Gas Mixture - VehicleItem -->
            <Text>Mezcla de Gas Especial</Text>
        </Text>
        <Text>
            <GUID>1742000280</GUID>            <!-- Special Gas Mixture - VehicleItem - Description -->
            <Text>Mezcla especial de gas ártico y helio, que impulsa los dirigibles.</Text>
        </Text>
        <Text>
            <GUID>1742000281</GUID>            <!--Conquer the skies - NewspaperSpecialEditionArticle -->
            <Text>Conquista los cielos</Text>
        </Text>
        <Text>
            <GUID>1742000282</GUID>            <!-- Conquer the skies - NewspaperSpecialEditionArticle - SpecialEditionHeadline -->
            <Text>¡Conquista los cielos y vuela!</Text>
        </Text>
        <Text>
            <GUID>1742000283</GUID>            <!-- Conquer the skies - NewspaperSpecialEditionArticle - SpecialEditionSubline -->
            <Text>¿Alguna vez has mirado hacia arriba? Deberíamos viajar por el aire y no sólo por el agua. ¡Construyamos aeronaves y comencemos con globos aerostáticos!</Text>
        </Text>
        <Text>
            <GUID>1742000285</GUID>            <!-- 99 Hot Air Balloons - NewspaperSpecialEditionArticle -->
            <Text>¡Casi 100 globos aerostáticos!</Text>
        </Text>
        <Text>
            <GUID>1742000286</GUID>            <!-- 99 Hot Air Balloons - NewspaperSpecialEditionArticle - SpecialEditionHeadline -->
            <Text>¡Casi 100 globos aerostáticos!</Text>
        </Text>
        <Text>
            <GUID>1742000287</GUID>            <!-- 99 Hot Air Balloons - NewspaperSpecialEditionArticle - SpecialEditionSubline -->
            <Text>Has estado ocupado construyendo casi 100 aeronaves. ¡Conté 99! Ahora es el momento de construir el globo aerostático definitivo.</Text>
        </Text>
        <Text>
            <GUID>1742000289</GUID>            <!-- Airships and balloons - PlayerCounterContextPool -->
            <Text>Aeronaves y globos</Text>
        </Text>
    </ModOp>
</ModOps>