<?xml version="1.0"?>
<ModOps>
    <ModOp Type="add" Path="/TextExport/Texts">
        <Text>
            <GUID>1742000269</GUID>            <!-- Uwe hot air balloon - Airship -->
            <Text>Montgolfière Uwe</Text>
        </Text>
        <Text>
            <GUID>1742000270</GUID>            <!-- Uwe hot air balloon - Airship - Description -->
            <Text>Une petite montgolfière lente. Parfaite si vous souhaitez transporter une petite quantité de marchandises et que le temps ne compte pas.</Text>
        </Text>
        <Text>
            <GUID>1742000271</GUID>            <!-- Carlo hot air balloon - Airship -->
            <Text>Montgolfière Carlo</Text>
        </Text>
        <Text>
            <GUID>1742000272</GUID>            <!-- Carlo hot air balloon - Airship - Description -->
            <Text>Une montgolfière de très grande taille. Elle est toujours aussi lente que la petite version, mais elle peut transporter beaucoup de marchandises.</Text>
        </Text>
        <Text>
            <GUID>1742000273</GUID>            <!-- Nena hot air balloon - Airship -->
            <Text>Montgolfière Nena</Text>
        </Text>
        <Text>
            <GUID>1742000274</GUID>            <!-- Nena hot air balloon - Airship - Description -->
            <Text>Vous ne le croirez que lorsque vous verrez l'un d'entre eux. Il s'agit d'une énorme montgolfière. Elle est lente mais peut transporter une grande quantité de marchandises. Elle utilise de l'hélium, alors faites attention à ce qu'elle ne prenne pas feu, sinon elle illuminera le ciel.</Text>
        </Text>
        <Text>
            <GUID>1742000275</GUID>            <!-- Joseph-Étienne Gontmolfier - VehicleItem -->
            <Text>Joseph-Étienne Gontmolfier</Text>
        </Text>
        <Text>
            <GUID>1742000276</GUID>            <!-- Joseph-Étienne Gontmolfier - VehicleItem - Description -->
            <Text>Avec son frère, il a découvert le moyen de voyager en montgolfière dans le ciel. Il s'efforce maintenant de rendre les dirigeables plus efficaces pour le commerce.</Text>
        </Text>
        <Text>
            <GUID>1742000277</GUID>            <!-- Jacques-Michel Gontmolfier - VehicleItem -->
            <Text>Jacques-Michel Gontmolfier</Text>
        </Text>
        <Text>
            <GUID>1742000278</GUID>            <!-- Jacques-Michel Gontmolfier - VehicleItem - Description -->
            <Text>Avec son frère, il a découvert le moyen de voyager en montgolfière dans le ciel. Il se concentre désormais sur l'amélioration de l'efficacité des dirigeables pour la guerre.</Text>
        </Text>
        <Text>
            <GUID>1742000279</GUID>            <!-- Special Gas Mixture - VehicleItem -->
            <Text>Mélange de gaz spéciaux</Text>
        </Text>
        <Text>
            <GUID>1742000280</GUID>            <!-- Special Gas Mixture - VehicleItem - Description -->
            <Text>Mélange spécial de gaz arctique et d'hélium, permettant de propulser les dirigeables.</Text>
        </Text>
        <Text>
            <GUID>1742000281</GUID>            <!--Conquer the skies - NewspaperSpecialEditionArticle -->
            <Text>Conquérir les cieux</Text>
        </Text>
        <Text>
            <GUID>1742000282</GUID>            <!-- Conquer the skies - NewspaperSpecialEditionArticle - SpecialEditionHeadline -->
            <Text>Conquérir les airs et voler !</Text>
        </Text>
        <Text>
            <GUID>1742000283</GUID>            <!-- Conquer the skies - NewspaperSpecialEditionArticle - SpecialEditionSubline -->
            <Text>Avez-vous déjà levé les yeux ? Nous devrions voyager dans les airs et pas seulement sur l'eau. Construisons des dirigeables et commençons par des montgolfières !</Text>
        </Text>
        <Text>
            <GUID>1742000285</GUID>            <!-- 99 Hot Air Balloons - NewspaperSpecialEditionArticle -->
            <Text>Près de 100 montgolfières !</Text>
        </Text>
        <Text>
            <GUID>1742000286</GUID>            <!-- 99 Hot Air Balloons - NewspaperSpecialEditionArticle - SpecialEditionHeadline -->
            <Text>Près de 100 montgolfières !</Text>
        </Text>
        <Text>
            <GUID>1742000287</GUID>            <!-- 99 Hot Air Balloons - NewspaperSpecialEditionArticle - SpecialEditionSubline -->
            <Text>Vous avez construit près de 100 dirigeables. J'en ai compté 99 ! Il est maintenant temps de construire la montgolfière ultime.</Text>
        </Text>
        <Text>
            <GUID>1742000289</GUID>            <!-- Airships and balloons - PlayerCounterContextPool -->
            <Text>Dirigeables et ballons</Text>
        </Text>
    </ModOp>
</ModOps>