<?xml version="1.0"?>
<ModOps>
    <ModOp Type="add" Path="/TextExport/Texts">
        <Text>
            <GUID>1742000269</GUID>            <!-- Uwe hot air balloon - Airship -->
            <Text>Воздушный шар Уве</Text>
        </Text>
        <Text>
            <GUID>1742000270</GUID>            <!-- Uwe hot air balloon - Airship - Description -->
            <Text>Малый медленный воздушный шар. Идеальный выбор, когда вам нужно перевезти небольшое количество товаров, а время не имеет значения.</Text>
        </Text>
        <Text>
            <GUID>1742000271</GUID>            <!-- Carlo hot air balloon - Airship -->
            <Text>Воздушный шар Карло</Text>
        </Text>
        <Text>
            <GUID>1742000272</GUID>            <!-- Carlo hot air balloon - Airship - Description -->
            <Text>Большой воздушный шар. Все ещё такой же медленный, как и малый, но он может перевозить гораздо больше грузов.</Text>
        </Text>
        <Text>
            <GUID>1742000273</GUID>            <!-- Nena hot air balloon - Airship -->
            <Text>Воздушный шар Нена</Text>
        </Text>
        <Text>
            <GUID>1742000274</GUID>            <!-- Nena hot air balloon - Airship - Description -->
            <Text>Вы не поверите рассказам о его размерах, пока не увидите один из них. Огромнейший воздушный шар. Медленный, но может перевозить действительно огромное количество грузов. В нем используется гелий, поэтому имейте в виду, что он не загорится и не озарит небо.</Text>
        </Text>
        <Text>
            <GUID>1742000275</GUID>            <!-- Joseph-Étienne Gontmolfier - VehicleItem -->
            <Text>Жозеф-Этьен Гонтмолфье</Text>
        </Text>
        <Text>
            <GUID>1742000276</GUID>            <!-- Joseph-Étienne Gontmolfier - VehicleItem - Description -->
            <Text>Вместе с братом открыл способ путешествовать по небу на воздушном шаре. Сейчас Жозеф-Этьен сосредоточен на том, чтобы сделать дирижабли более эффективными для торговли.</Text>
        </Text>
        <Text>
            <GUID>1742000277</GUID>            <!-- Jacques-Michel Gontmolfier - VehicleItem -->
            <Text>Жак-Мишель Гонтмолфье</Text>
        </Text>
        <Text>
            <GUID>1742000278</GUID>            <!-- Jacques-Michel Gontmolfier - VehicleItem - Description -->
            <Text>Вместе с братом открыл способ путешествовать по небу на воздушном шаре. Сейчас Жак-Мишель сосредоточен на том, чтобы сделать дирижабли более эффективными для войны.</Text>
        </Text>
        <Text>
            <GUID>1742000279</GUID>            <!-- Special Gas Mixture - VehicleItem -->
            <Text>Специальная газовая смесь</Text>
        </Text>
        <Text>
            <GUID>1742000280</GUID>            <!-- Special Gas Mixture - VehicleItem - Description -->
            <Text>Особая смесь пропорций арктического газа и гелия, ускоряющая полёт дирижаблей.</Text>
        </Text>
        <Text>
            <GUID>1742000281</GUID>            <!--Conquer the skies - NewspaperSpecialEditionArticle -->
            <Text>Покорители небес</Text>
        </Text>
        <Text>
            <GUID>1742000282</GUID>            <!-- Conquer the skies - NewspaperSpecialEditionArticle - SpecialEditionHeadline -->
            <Text>Покоряйте небеса и взлетайте!</Text>
        </Text>
        <Text>
            <GUID>1742000283</GUID>            <!-- Conquer the skies - NewspaperSpecialEditionArticle - SpecialEditionSubline -->
            <Text>Вы когда-нибудь смотрели вверх? Мы должны путешествовать по воздуху, а не только по воде. Вперёд, к постройке дирижаблей, но начнем с воздушных шаров! Воздухоплавание - в массы! </Text>
        </Text>
        <Text>
            <GUID>1742000285</GUID>            <!-- 99 Hot Air Balloons - NewspaperSpecialEditionArticle -->
            <Text>Почти 100 воздушных шаров</Text>
        </Text>
        <Text>
            <GUID>1742000286</GUID>            <!-- 99 Hot Air Balloons - NewspaperSpecialEditionArticle - SpecialEditionHeadline -->
            <Text>Почти 100 воздушных шаров!</Text>
        </Text>
        <Text>
            <GUID>1742000287</GUID>            <!-- 99 Hot Air Balloons - NewspaperSpecialEditionArticle - SpecialEditionSubline -->
            <Text>Вы были заняты строительством 100 дирижаблей. Мы насчитали 99! Теперь пришло время построить окончательный воздушный шар!</Text>
        </Text>
        <Text>
            <GUID>1742000289</GUID>            <!-- Airships and balloons - PlayerCounterContextPool -->
            <Text>Дирижабли и воздушные шары</Text>
        </Text>
    </ModOp>
</ModOps>