<?xml version="1.0"?>
<ModOps>
    <ModOp Type="add" Path="/TextExport/Texts">
        <Text>
            <GUID>1742000269</GUID>            <!-- Uwe hot air balloon - Airship -->
            <Text>Uwe hot air balloon</Text>
        </Text>
        <Text>
            <GUID>1742000270</GUID>            <!-- Uwe hot air balloon - Airship - Description -->
            <Text>A small slow hot air balloon. Perfect if you want to move some smaller amount of goods and time does not matter.</Text>
        </Text>
        <Text>
            <GUID>1742000271</GUID>            <!-- Carlo hot air balloon - Airship -->
            <Text>Carlo hot air balloon</Text>
        </Text>
        <Text>
            <GUID>1742000272</GUID>            <!-- Carlo hot air balloon - Airship - Description -->
            <Text>A huge sized hot air balloon. Still as slow as the small version, but it can carry a lot of goods.</Text>
        </Text>
        <Text>
            <GUID>1742000273</GUID>            <!-- Nena hot air balloon - Airship -->
            <Text>Nena hot air balloon</Text>
        </Text>
        <Text>
            <GUID>1742000274</GUID>            <!-- Nena hot air balloon - Airship - Description -->
            <Text>You will only believe when you see one of those. A massive hot air balloon. slow but it can carry a massive amount of goods. It does use helium, so be carefull it does not catch fire or it will light up the sky.</Text>
        </Text>
        <Text>
            <GUID>1742000275</GUID>            <!-- Joseph-Étienne Gontmolfier - VehicleItem -->
            <Text>Joseph-Étienne Gontmolfier</Text>
        </Text>
        <Text>
            <GUID>1742000276</GUID>            <!-- Joseph-Étienne Gontmolfier - VehicleItem - Description -->
            <Text>Together with his brother discovered the way of travelling by Hot-air Balloon through the sky. Now focusing on making airships more efficient for trade.</Text>
        </Text>
        <Text>
            <GUID>1742000277</GUID>            <!-- Jacques-Michel Gontmolfier - VehicleItem -->
            <Text>Jacques-Michel Gontmolfier</Text>
        </Text>
        <Text>
            <GUID>1742000278</GUID>            <!-- Jacques-Michel Gontmolfier - VehicleItem - Description -->
            <Text>Together with his brother discovered the way of travelling by Hot-air Balloon through the sky. Now focusing on making airships more efficient for war.</Text>
        </Text>
        <Text>
            <GUID>1742000279</GUID>            <!-- Special Gas Mixture - VehicleItem -->
            <Text>Special Gas Mixture</Text>
        </Text>
        <Text>
            <GUID>1742000280</GUID>            <!-- Special Gas Mixture - VehicleItem - Description -->
            <Text>Special mixture of arctic gas and helium, boosting airships.</Text>
        </Text>
        <Text>
            <GUID>1742000281</GUID>            <!--Conquer the skies - NewspaperSpecialEditionArticle -->
            <Text>Conquer the skies</Text>
        </Text>
        <Text>
            <GUID>1742000282</GUID>            <!-- Conquer the skies - NewspaperSpecialEditionArticle - SpecialEditionHeadline -->
            <Text>Conquer the skies and fly!</Text>
        </Text>
        <Text>
            <GUID>1742000283</GUID>            <!-- Conquer the skies - NewspaperSpecialEditionArticle - SpecialEditionSubline -->
            <Text>Have you ever looked up? We should travel in the air and not only on the water. Let's build airships and start with hot air balloons!</Text>
        </Text>
        <Text>
            <GUID>1742000285</GUID>            <!-- 99 Hot Air Balloons - NewspaperSpecialEditionArticle -->
            <Text>Almost 100 hot air balloons</Text>
        </Text>
        <Text>
            <GUID>1742000286</GUID>            <!-- 99 Hot Air Balloons - NewspaperSpecialEditionArticle - SpecialEditionHeadline -->
            <Text>Almost 100 hot air balloons!</Text>
        </Text>
        <Text>
            <GUID>1742000287</GUID>            <!-- 99 Hot Air Balloons - NewspaperSpecialEditionArticle - SpecialEditionSubline -->
            <Text>You have been busy building almost 100 airships. I counted 99! Now it is time to build the ultimate hot air balloon.</Text>
        </Text>
        <Text>
            <GUID>1742000289</GUID>            <!-- Airships and balloons - PlayerCounterContextPool -->
            <Text>Airships and balloons</Text>
        </Text>
    </ModOp>
</ModOps>