<SimpleAnnoFeedbackEncoding>
	<DummyGroups>
		<DummyGroup>
			<Name>balloon_worker</Name>
			<Dummy>
				<Name>balloon_worker_0</Name>
				<HeightAdaptationMode>0</HeightAdaptationMode>
				<Position>
					<x>-0.000000</x>
					<y>0.000000</y>
					<z>-0.000000</z>
				</Position>
				<RotationY>-4.017716</RotationY>
				<Extents>
					<x>0.100000</x>
					<y>0.100000</y>
					<z>0.100000</z>
				</Extents>
			</Dummy>
		</DummyGroup>
	</DummyGroups>
	<FeedbackConfigs>
		<FeedbackConfig>
			<Description />
			<IgnoreRootObjectXZRotation>False</IgnoreRootObjectXZRotation>
			<IsAlwaysVisibleActor>False</IsAlwaysVisibleActor>
			<ApplyScaleToMovementSpeed>True</ApplyScaleToMovementSpeed>
			<ActorCount>1</ActorCount>
			<MaxActorCount>1</MaxActorCount>
			<CreateChance>100</CreateChance>
			<BoneLink>NoLink</BoneLink>
			<RenderFlags>0</RenderFlags>
			<MultiplyActorByDummyCount>None</MultiplyActorByDummyCount>
			<IgnoreForceActorVariation>False</IgnoreForceActorVariation>
			<IgnoreDistanceScale>True</IgnoreDistanceScale>
			<DefaultStateDummy>balloon_worker_0</DefaultStateDummy>
			<StartDummyGroup>None</StartDummyGroup>
			<Scale>
				<m_MinScaleFactor>0.500000</m_MinScaleFactor>
				<m_MaxScaleFactor>0.500000</m_MaxScaleFactor>
			</Scale>
			<GUIDVariationList>
				<GUID>production_generic_worker_02</GUID>
			</GUIDVariationList>
			<SequenceElements>
				<IdleAnimation>
					<m_IdleSequenceID>cheer01</m_IdleSequenceID>
					<MinPlayCount>1</MinPlayCount>
					<MaxPlayCount>1</MaxPlayCount>
				</IdleAnimation>
			</SequenceElements>
		</FeedbackConfig>
	</FeedbackConfigs>
</SimpleAnnoFeedbackEncoding>